DAUID,POP2021,POPDENS,TOTLOWINC
2466,2004265,4022.3,321885
24660001,651,2113,35
24660002,542,5079.7,30
24660003,303,5058.4,10
24660004,273,3317.1,10
24660005,231,3678.3,
24660006,417,5494.1,30
24660007,685,3377.7,70
24660008,491,4262.2,35
24660009,236,4729.5,
24660010,709,3553.9,105
24660011,847,4578.4,190
24660012,1065,2290.8,115
24660013,533,6015.8,45
24660014,527,4655.5,25
24660015,484,17925.9,120
24660016,688,7585.4,35
24660017,515,4478.3,105
24660020,455,2363.6,15
24660021,586,11696.6,125
24660022,342,3018.5,15
24660023,541,7773,90
24660024,625,6627.8,50
24660025,589,7235.9,60
24660026,754,3421.1,
24660027,591,4900.5,40
24660028,356,5788.6,20
24660029,402,8254.6,5
24660030,1043,3435.4,120
24660031,520,7103.8,25
24660032,486,5237.1,15
24660033,905,4431.9,40
24660034,355,4551.3,0
24660035,438,4669.5,10
24660036,788,7833,140
24660037,630,5898.9,100
24660038,568,9827,100
24660039,494,11569.1,85
24660040,480,4320.4,30
24660041,602,4195.1,145
24660042,574,9039.4,130
24660043,428,10000,95
24660044,377,2520.1,25
24660045,459,2282.4,35
24660046,426,3685.1,45
24660047,391,2617.1,50
24660048,473,5532.2,90
24660049,514,5834.3,110
24660050,586,10596.7,95
24660051,390,4396.8,45
24660052,531,6905.1,90
24660053,442,6852.7,75
24660054,498,4506.8,95
24660055,601,9631.4,120
24660056,583,5726.9,55
24660057,955,371.3,150
24660058,418,552.5,85
24660059,554,5187.3,195
24660060,566,4128.4,55
24660061,603,9966.9,95
24660062,495,8871,95
24660063,695,12214.4,150
24660064,670,9940.7,110
24660065,590,14567.9,125
24660066,518,7194.4,60
24660067,541,7400.8,75
24660068,508,8595.6,60
24660069,636,11865.7,135
24660070,486,11571.4,90
24660071,540,10444.9,45
24660072,594,11692.9,115
24660073,460,4063.6,65
24660074,449,8361.3,55
24660075,469,6303.8,55
24660076,493,6353.1,65
24660077,459,6071.4,55
24660078,530,6883.1,45
24660079,474,3257.7,45
24660080,636,9799.7,60
24660081,700,7462.7,75
24660082,676,8546.1,105
24660083,471,7836.9,65
24660084,467,9229.2,45
24660085,590,9485.5,105
24660086,384,11228.1,80
24660087,828,21732.3,175
24660088,470,20000,70
24660089,390,8744.4,30
24660090,1068,16355.3,205
24660091,606,11348.3,90
24660092,375,1388.4,90
24660093,612,7472.5,65
24660094,577,6319.8,60
24660095,536,3207.7,85
24660096,541,7090.4,55
24660097,515,8187.6,70
24660098,490,4195.2,55
24660099,727,8865.9,185
24660100,479,24070.4,135
24660101,464,3574.7,45
24660102,512,3097.4,55
24660103,391,4227,45
24660104,640,1116.1,85
24660107,512,15103.2,150
24660108,747,12879.3,235
24660109,614,19554.1,195
24660110,647,21423.8,125
24660111,358,17211.5,70
24660112,422,17016.1,35
24660114,654,24494.4,135
24660115,412,15488.7,60
24660117,539,4560.1,90
24660118,580,9446.3,85
24660119,268,4735,25
24660120,530,6184.4,70
24660121,474,8130.4,55
24660122,450,11873.4,75
24660123,492,4013.1,50
24660124,582,11710.3,40
24660125,656,13497.9,170
24660126,489,4001.6,60
24660127,448,6309.9,130
24660128,476,11959.8,75
24660129,514,10708.3,50
24660130,560,9061.5,75
24660131,593,12670.9,70
24660132,541,12669.8,65
24660133,622,11984.6,70
24660134,553,2846.1,75
24660135,492,10357.9,70
24660136,287,12265,45
24660137,504,12989.7,55
24660138,1806,22860.8,210
24660139,385,6766.3,35
24660140,691,12540.8,105
24660141,520,1969.7,55
24660142,488,3929.1,45
24660143,367,9657.9,25
24660144,1355,15038.8,215
24660145,471,12695.4,25
24660146,556,7606,75
24660147,629,18945.8,190
24660148,587,1508.2,85
24660149,1132,5322,80
24660150,556,3741.6,80
24660151,427,4797.8,30
24660152,886,3383,20
24660153,432,9350.6,120
24660154,491,6254.8,60
24660155,623,9029,85
24660156,840,12121.2,310
24660157,613,2876.6,55
24660158,558,9300,70
24660159,635,16116.8,70
24660160,399,6551.7,15
24660161,360,7453.4,35
24660162,471,8920.5,45
24660163,1120,9180.3,175
24660164,615,8810.9,100
24660165,1000,9970.1,75
24660166,572,4914.1,50
24660167,783,16177.7,220
24660168,401,4495.5,0
24660169,533,3218.6,35
24660170,475,6747.2,35
24660171,640,10289.4,55
24660172,447,13669.7,125
24660173,483,13305.8,50
24660174,676,10513.2,50
24660175,600,7434.9,60
24660176,779,3008.9,75
24660177,380,3052.2,15
24660178,502,3201.5,20
24660179,463,3727.9,35
24660180,584,4657.1,40
24660181,937,12611,315
24660182,696,22524.3,140
24660183,525,7930.5,80
24660184,396,7967.8,65
24660185,334,11283.8,30
24660186,845,13520,90
24660187,537,9055.6,55
24660188,640,14096.9,80
24660189,544,23755.5,95
24660190,754,11072,90
24660191,497,19490.2,100
24660192,611,16380.7,110
24660193,426,13107.7,105
24660194,360,6896.6,55
24660195,614,6666.7,45
24660196,452,7385.6,75
24660197,568,8316.3,45
24660198,572,5381,25
24660199,462,2359.6,10
24660200,477,6794.9,50
24660201,536,14765.8,65
24660202,497,15198.8,80
24660203,1303,1497.5,180
24660204,479,13087.4,60
24660205,1753,18829.2,175
24660206,474,16232.9,130
24660207,370,3324.3,60
24660208,342,10490.8,35
24660209,366,870.2,40
24660210,706,13025.8,105
24660211,836,13165.4,135
24660212,552,17196.3,80
24660213,587,10500.9,115
24660214,512,16786.9,130
24660215,553,2977.9,65
24660216,434,13353.8,65
24660217,538,18680.6,120
24660218,604,6741.1,65
24660219,750,13369,80
24660220,982,15661.9,270
24660221,385,11063.2,65
24660222,565,8284.5,90
24660223,626,13376.1,110
24660224,441,8197,70
24660225,626,10774.5,125
24660226,575,10177,50
24660227,708,10711,90
24660228,498,10663.8,65
24660229,635,10444.1,80
24660230,512,9464,90
24660231,802,15132.1,165
24660232,934,12604.6,240
24660233,1414,12044.3,270
24660234,584,10541.5,95
24660235,807,5639.4,90
24660236,791,16582.8,110
24660238,465,19703.4,110
24660239,822,17089.4,165
24660241,1165,9045,70
24660242,864,5517.2,160
24660243,821,7894.2,180
24660244,786,14774.4,140
24660245,542,18561.6,160
24660246,814,14935.8,180
24660247,654,21946.3,185
24660248,607,16955.3,140
24660249,618,13205.1,185
24660250,521,14885.7,130
24660251,540,17940.2,105
24660252,608,12800,135
24660253,497,5015.1,115
24660254,837,12624.4,155
24660255,635,14048.7,125
24660256,677,4801.4,150
24660257,523,7960.4,100
24660258,570,4241.1,80
24660259,491,14613.1,70
24660260,703,2360.6,165
24660261,409,11329.6,55
24660262,621,5476.2,120
24660263,757,10427,115
24660264,1085,7576.8,185
24660265,404,9330.3,50
24660266,530,3446,60
24660267,549,9803.6,100
24660268,455,6444.8,50
24660269,454,4283,65
24660270,491,8992.7,80
24660271,536,9798.9,35
24660272,440,13017.8,40
24660273,538,11398.3,80
24660274,622,2485,85
24660275,1768,16340.1,160
24660276,604,5421.9,90
24660277,509,7209.6,50
24660278,535,3835.1,40
24660279,364,3851.9,10
24660280,451,3540,25
24660281,599,6908.9,80
24660282,543,15514.3,70
24660283,431,9707.2,75
24660284,668,11264.8,100
24660285,752,13404.6,105
24660286,633,10895,80
24660287,489,12225,60
24660288,634,2902.9,115
24660289,1071,4642.4,335
24660290,698,868.6,90
24660291,399,12996.7,90
24660292,714,15191.5,155
24660293,568,9088,70
24660294,417,7214.5,50
24660295,622,10614.3,80
24660296,724,9837,100
24660297,421,8591.8,30
24660298,279,6940.3,15
24660299,802,9041.7,80
24660300,652,5011.5,80
24660301,1468,1424.1,65
24660302,861,1732,160
24660303,614,3694.3,115
24660304,428,7169.2,70
24660305,444,14557.4,55
24660306,602,14299.3,100
24660307,511,12679.9,65
24660308,371,11107.8,70
24660309,485,7649.8,10
24660310,600,14814.8,80
24660311,941,14086.8,160
24660312,483,10757.2,65
24660313,754,4293.8,105
24660314,751,2468.8,95
24660315,407,4963.4,30
24660316,561,10747.1,65
24660319,459,16510.8,55
24660320,586,17811.6,65
24660321,711,13752.4,90
24660322,695,16508.3,95
24660323,616,8737.6,95
24660324,597,14455.2,90
24660325,510,17586.2,60
24660326,411,15335.8,40
24660327,591,14849.2,80
24660328,648,14896.6,90
24660329,567,23723.8,80
24660330,616,16083.6,135
24660331,567,25656.1,190
24660332,521,13290.8,180
24660333,487,27670.5,150
24660334,630,16890.1,145
24660335,742,7649.5,145
24660336,570,25221.2,240
24660337,695,1601.4,125
24660338,805,25636.9,215
24660339,585,24477,100
24660340,253,5464.4,40
24660341,420,21989.5,90
24660342,613,16434.3,150
24660343,528,7521.4,95
24660344,514,22445.4,110
24660345,680,17894.7,120
24660346,770,17620.1,180
24660347,537,16574.1,100
24660348,333,4730.1,80
24660349,465,10242.3,135
24660350,616,30800,155
24660351,531,26550,85
24660352,498,25151.5,60
24660353,494,474.8,155
24660354,681,22624.6,110
24660355,535,5631.6,105
24660356,506,11605.5,100
24660357,448,10491.8,105
24660358,582,4720.2,120
24660359,577,4679.6,85
24660360,443,8772.3,100
24660361,557,9012.9,130
24660362,649,5831.1,175
24660363,662,20060.6,155
24660364,953,6417.5,190
24660365,590,12580,165
24660366,554,5556.7,70
24660367,807,11850.2,185
24660368,800,14311.3,175
24660369,562,18986.5,150
24660370,676,30178.6,300
24660371,536,15446.7,145
24660372,772,12866.7,215
24660373,677,13459.2,260
24660374,484,15125,100
24660375,507,17604.2,90
24660376,284,10441.2,40
24660377,322,16100,50
24660378,295,15945.9,50
24660379,483,14040.7,55
24660380,373,15101.2,80
24660381,797,10404.7,135
24660382,485,9938.5,60
24660383,563,9690.2,55
24660384,564,10909.1,85
24660385,663,4544.2,100
24660386,516,6035.1,40
24660387,420,3655.4,10
24660388,499,8061.4,55
24660389,715,3731.7,190
24660390,424,9464.3,45
24660391,416,10918.6,50
24660392,473,5284.9,40
24660393,653,9275.6,100
24660394,595,4146.3,70
24660395,573,10670.4,80
24660396,471,10216.9,55
24660397,644,12014.9,105
24660398,1154,4066.2,115
24660399,449,3516.1,20
24660400,583,2163.3,25
24660401,508,3199,30
24660402,770,12359.6,140
24660403,351,3108.9,55
24660404,386,4961.4,40
24660405,590,15989.2,105
24660406,410,10512.8,50
24660407,466,14036.1,65
24660408,577,20388.7,100
24660409,578,25919.3,175
24660410,484,6479.3,120
24660411,494,22352.9,140
24660412,783,1737.3,135
24660413,696,6932.3,165
24660414,590,14355.2,120
24660415,642,7237.9,115
24660416,394,7606.2,65
24660417,440,8906.9,45
24660418,292,8225.4,65
24660419,452,4196.8,25
24660420,450,15901.1,105
24660421,592,16043.4,115
24660422,561,16308.1,95
24660423,423,21917.1,70
24660424,475,16323,105
24660425,489,16245.8,95
24660426,484,16518.8,75
24660427,445,15892.9,85
24660428,701,25583.9,150
24660429,549,21361.9,105
24660430,471,17908.7,65
24660431,466,14078.5,60
24660432,570,9515.9,90
24660433,614,16031.3,100
24660434,626,16175.7,125
24660435,623,17162.5,80
24660436,468,10709.4,145
24660437,323,20705.1,35
24660438,406,25375,100
24660439,346,20233.9,35
24660440,288,14545.5,40
24660441,278,17484.3,35
24660442,552,15726.5,60
24660443,494,15153.4,55
24660444,510,14488.6,75
24660445,645,16412.2,85
24660446,310,17222.2,25
24660447,393,17312.8,35
24660448,416,21554.4,40
24660449,347,19277.8,30
24660450,514,14478.9,50
24660451,595,13553.5,55
24660452,476,14209,55
24660453,645,8520.5,65
24660454,494,13760.4,50
24660455,419,12109.8,70
24660456,747,14561.4,145
24660457,532,14111.4,130
24660458,610,3843.7,85
24660459,707,17201.9,155
24660460,663,17310.7,75
24660461,593,14937,65
24660462,546,15041.3,40
24660463,704,19775.3,85
24660464,552,13765.6,50
24660465,520,13506.5,35
24660466,472,14131.7,50
24660467,435,12322.9,20
24660468,651,16439.4,70
24660469,475,11585.4,70
24660470,618,16793.5,65
24660471,548,14535.8,65
24660472,621,17642,65
24660473,661,18109.6,155
24660474,621,15486.3,70
24660475,496,12849.7,50
24660476,511,14985.3,55
24660478,732,4477.1,80
24660479,682,1387.6,95
24660480,509,6268.5,80
24660481,427,12305.5,85
24660482,586,18142.4,85
24660483,461,5099.6,70
24660484,697,10976.4,135
24660485,470,5383.7,60
24660486,920,1773.3,95
24660487,578,16011.1,115
24660488,710,13051.5,115
24660489,548,8353.7,105
24660490,557,8439.4,95
24660491,592,1093.7,160
24660492,672,13494,105
24660493,504,13193.7,80
24660494,642,12490.3,45
24660495,366,8970.6,25
24660496,1064,11552.7,100
24660497,565,14713.5,105
24660498,709,10775.1,85
24660499,516,9165.2,75
24660500,1134,4500,155
24660501,635,7095,55
24660502,880,12753.6,195
24660503,517,7536.4,30
24660504,548,5792.8,35
24660505,509,10159.7,205
24660506,1006,13064.9,120
24660507,457,10433.8,90
24660508,509,6550.8,150
24660509,488,8531.5,50
24660510,542,1557.9,170
24660511,407,4235.2,85
24660512,1112,13694.6,370
24660513,868,10755.9,135
24660514,448,8924.3,50
24660515,675,28970,120
24660516,1247,22714,375
24660517,1023,9029.1,135
24660518,994,14019.7,190
24660525,400,8180,130
24660526,745,10318.6,80
24660530,634,10800.7,85
24660533,489,16746.6,165
24660536,1825,18123.1,345
24660537,886,27430.3,315
24660538,442,25113.6,125
24660539,675,8964.1,115
24660540,1259,10405,370
24660541,521,5507.4,85
24660542,429,5302.8,45
24660543,494,6333.3,80
24660544,543,6753.7,80
24660545,721,7456,85
24660546,1008,9024.2,140
24660547,625,5064.8,130
24660548,579,9004.7,120
24660550,440,3829.4,70
24660551,411,19116.3,75
24660552,659,25742.2,125
24660555,635,13119.8,120
24660556,1098,10290.5,240
24660557,652,24980.8,195
24660558,709,9646.3,210
24660560,509,3770.4,10
24660561,637,5563.3,70
24660562,577,11848,230
24660563,568,4913.5,95
24660564,642,5879.1,45
24660565,1034,6297.2,215
24660566,612,4129.6,45
24660567,531,10948.5,90
24660568,572,10250.9,90
24660569,454,8549.9,70
24660570,525,23026.3,240
24660571,808,36561.1,235
24660572,561,13046.5,160
24660576,529,15558.8,75
24660577,421,7854.5,50
24660578,772,4530.5,175
24660579,519,13376.3,105
24660580,293,4215.8,50
24660581,733,5565.7,95
24660582,871,11754.4,160
24660583,838,9870.4,110
24660584,556,5335.9,80
24660585,808,4638.3,80
24660586,516,7713,25
24660587,457,4360.7,45
24660588,527,3935.8,35
24660590,350,4717,20
24660594,595,6991.8,40
24660596,569,9358.6,115
24660597,419,11355,65
24660598,415,4606,35
24660599,427,5980.4,35
24660600,593,5658.4,175
24660601,723,8060.2,175
24660602,446,3992.8,60
24660603,389,4375.7,15
24660604,421,6146,45
24660605,506,2825.2,65
24660606,352,3826.1,50
24660607,828,2612,165
24660608,1372,600.9,280
24660609,1015,2649.4,205
24660610,542,2738.8,140
24660611,1904,18116.1,330
24660613,1330,5462,230
24660614,432,13170.7,90
24660615,547,27213.9,150
24660616,806,9449,180
24660617,422,22810.8,125
24660618,597,10187.7,85
24660619,531,10535.7,35
24660620,416,4328.8,55
24660621,353,21925.5,95
24660622,703,24241.4,290
24660623,178,12624.1,
24660624,523,21346.9,135
24660625,640,18991.1,285
24660626,479,11270.6,50
24660627,472,9182.9,55
24660628,609,4054.6,60
24660629,815,50621.1,155
24660630,505,4305.2,25
24660631,751,6622.6,75
24660632,475,4861.8,35
24660633,623,5004,105
24660634,679,4155.4,40
24660635,814,8019.7,180
24660636,548,9580.4,65
24660637,573,13142.2,75
24660638,407,7980.4,40
24660639,482,10168.8,35
24660640,427,7966.4,35
24660641,563,11827.7,55
24660642,455,9784.9,35
24660643,628,13333.3,110
24660644,626,9246.7,45
24660645,862,11037.1,85
24660646,559,6410.6,60
24660649,771,9178.6,70
24660650,1144,4042.4,100
24660652,627,10904.3,80
24660654,412,3573.3,5
24660655,472,6456.9,70
24660656,672,17967.9,145
24660657,723,14066.1,150
24660659,602,11401.5,105
24660660,541,11969,95
24660661,798,30574.7,190
24660662,256,8951,50
24660663,519,25693.1,80
24660664,1011,29823,310
24660665,514,27340.4,85
24660666,765,33700.4,140
24660667,514,23686.6,75
24660668,433,17601.6,80
24660669,492,10250,60
24660670,746,31880.3,155
24660671,697,30704.8,145
24660672,430,18777.3,95
24660673,399,17654.9,35
24660676,472,2171.1,150
24660677,522,7554.3,100
24660678,967,42227.1,165
24660679,537,23973.2,120
24660680,392,16824,65
24660681,1023,13268.5,155
24660682,245,9839.4,
24660683,395,15927.4,70
24660684,543,25023,50
24660685,600,26087,125
24660686,365,8837.8,65
24660687,897,22039.3,100
24660688,740,25429.6,180
24660689,826,31891.9,230
24660690,628,13681.9,125
24660691,571,5386.8,120
24660692,610,11070.8,185
24660693,712,22111.8,160
24660694,590,20701.8,180
24660695,921,18834.4,290
24660696,482,21422.2,175
24660697,731,16280.6,285
24660698,247,21478.3,
24660699,488,7922.1,240
24660700,456,14709.7,170
24660701,485,34154.9,165
24660710,533,1063.9,55
24660711,625,2340.8,55
24660712,466,3352.5,40
24660713,503,4916.9,15
24660714,446,2524.1,30
24660715,499,6807.6,25
24660716,512,6539,35
24660717,658,8184.1,65
24660718,563,6766.8,40
24660719,377,6672.6,35
24660722,411,14320.6,65
24660723,551,14576.7,105
24660724,429,14205.3,140
24660725,619,6750.3,140
24660726,467,4610.1,45
24660727,681,7450.8,20
24660728,592,7851.5,60
24660729,320,13913,50
24660730,517,11337.7,50
24660731,335,13958.3,55
24660732,309,12117.6,50
24660733,531,9672.1,90
24660734,513,12954.5,80
24660735,584,9881.6,105
24660736,825,22237.2,215
24660737,631,19905.4,205
24660738,434,8394.6,125
24660741,1737,31871.6,585
24660742,337,14652.2,75
24660743,385,5039.3,90
24660744,1117,16354.3,220
24660745,470,5949.4,60
24660746,568,5451.1,25
24660748,635,10565.7,125
24660749,823,20782.8,265
24660750,625,8716.9,80
24660751,613,11743.3,115
24660752,471,5125.1,120
24660753,503,4714.2,225
24660754,581,5983.5,60
24660755,1313,13209.3,350
24660756,486,7084.5,30
24660757,626,12960.7,100
24660758,437,7534.5,125
24660759,734,4909.7,55
24660760,491,7769,20
24660761,528,8613.4,25
24660762,651,10382.8,160
24660763,568,11474.7,155
24660764,741,6269,215
24660765,653,11681.6,75
24660766,543,10482.6,75
24660767,485,4490.7,40
24660768,551,3834.4,50
24660769,688,3659.6,55
24660770,469,2673.9,30
24660771,723,2870.2,60
24660772,522,10077.2,75
24660773,527,10173.7,50
24660774,747,17291.7,135
24660775,729,12482.9,200
24660776,642,9277.5,80
24660777,411,7888.7,45
24660778,494,11278.5,50
24660779,621,10081.2,70
24660780,587,8030.1,55
24660781,481,4412.8,45
24660783,524,4168.7,40
24660784,507,3442,20
24660785,548,3225.4,40
24660786,447,3991.1,20
24660787,374,3357.3,15
24660788,863,7603.5,100
24660794,1164,5238.5,185
24660797,879,10341.2,130
24660798,602,6872.1,50
24660799,557,7024,30
24660800,582,7729.1,50
24660801,481,5138.9,15
24660802,614,4544.8,20
24660803,394,4523.5,15
24660804,645,769.4,45
24660805,577,11182.2,145
24660806,549,4171.7,20
24660807,587,3436.8,50
24660808,324,3737,20
24660809,528,5171.4,65
24660810,474,4624.4,30
24660812,1321,1299.7,160
24660813,640,13250.5,120
24660814,587,5800.4,90
24660815,544,9697,90
24660816,821,7917.1,235
24660818,749,1373.8,175
24660820,508,2703.6,40
24660821,650,2488.5,45
24660822,416,3891.5,125
24660823,488,11375.3,85
24660824,877,27665.6,330
24660825,553,5654.4,85
24660826,451,2289.3,25
24660827,688,4300,80
24660828,556,4254,50
24660829,567,5675.7,25
24660830,575,6046.3,15
24660832,416,4732.7,25
24660833,403,6306.7,30
24660834,569,5927.1,40
24660835,737,9132.6,170
24660836,515,7485.5,80
24660837,691,7087.2,100
24660838,706,6477.1,120
24660839,714,8814.8,145
24660840,688,7413.8,180
24660841,655,11552,135
24660842,759,17858.8,160
24660843,289,9475.4,20
24660844,511,17500,120
24660845,517,19148.1,150
24660846,634,8867.1,80
24660847,615,16757.5,175
24660848,466,22403.8,155
24660849,584,12532.2,85
24660850,402,8445.4,105
24660851,525,3316.5,40
24660852,537,15169.5,110
24660853,797,3857.7,120
24660854,834,3215.1,30
24660855,493,5124.7,15
24660856,824,6328.7,145
24660857,643,4860.2,25
24660858,476,3565.5,40
24660859,746,12774,140
24660860,756,40000,150
24660861,887,48206.5,295
24660862,492,19919,120
24660863,756,30119.5,180
24660864,876,15504.4,185
24660865,1062,10231.2,170
24660866,895,11343.5,115
24660868,606,7789.2,75
24660869,303,13060.3,60
24660870,494,2753.6,85
24660871,690,693.3,255
24660872,883,27507.8,280
24660874,541,236.5,90
24660876,514,3779.4,65
24660877,435,8025.8,70
24660878,221,12209.9,
24660879,510,14325.8,90
24660880,567,5187.6,60
24660881,281,14946.8,15
24660882,433,13323.1,45
24660883,734,7003.8,90
24660884,651,8668.4,85
24660885,582,6402.6,105
24660886,898,11381.5,170
24660887,394,13971.6,65
24660888,437,15607.1,75
24660889,425,16159.7,70
24660890,592,16174.9,80
24660891,457,16925.9,60
24660892,525,11931.8,60
24660893,508,508.7,45
24660894,764,16255.3,125
24660895,479,7033.8,50
24660896,429,13928.6,50
24660897,674,17552.1,60
24660898,275,14397.9,55
24660899,496,5720.9,85
24660900,655,8419,65
24660901,539,11517.1,60
24660902,580,6553.7,115
24660903,458,12651.9,35
24660904,415,12134.5,65
24660905,684,12324.3,105
24660906,410,10485.9,45
24660907,341,10894.6,50
24660908,759,6640.4,115
24660909,490,10986.5,85
24660910,469,13633.7,55
24660911,452,14303.8,65
24660912,532,12547.2,85
24660913,365,6576.6,40
24660914,384,8347.8,85
24660915,798,6768.4,135
24660916,440,6676.8,95
24660917,683,1419.4,70
24660918,495,8418.4,55
24660919,540,3884.9,70
24660920,438,2502.9,100
24660921,650,4748,240
24660922,537,7256.8,135
24660923,687,3022.4,150
24660924,797,5271.2,90
24660925,695,21319,155
24660926,694,6326.3,95
24660927,674,8219.5,95
24660928,396,7780,70
24660929,642,5742.4,90
24660930,323,3061.6,30
24660931,507,2351.6,95
24660932,398,3364.3,30
24660933,445,3101,80
24660934,489,7925.4,75
24660935,602,10580,145
24660936,434,10987.3,100
24660937,419,11385.9,50
24660938,595,11121.5,55
24660939,368,6930.3,65
24660940,634,1959.2,170
24660941,323,12007.4,45
24660942,785,12401.3,255
24660943,328,12615.4,60
24660944,570,2867.2,90
24660945,418,6897.7,60
24660946,523,5245.7,60
24660947,421,9929.2,45
24660948,770,10307.9,140
24660949,596,7268.3,80
24660950,616,10476.2,70
24660951,535,15070.4,55
24660952,820,2223.4,215
24660953,471,9401.2,25
24660954,452,2804,40
24660955,796,3958.2,135
24660956,540,9836.1,55
24660957,402,8357.6,55
24660958,527,5559.1,65
24660959,368,6583.2,45
24660960,466,7938.7,40
24660961,546,7924.5,60
24660962,461,10525.1,45
24660963,434,16821.7,125
24660964,561,4869.8,30
24660965,485,2888.6,70
24660966,614,2328.4,15
24660967,758,3758.1,75
24660968,992,8051.9,250
24660969,639,14106,50
24660970,516,12285.7,80
24660971,449,9492.6,45
24660972,319,12460.9,60
24660973,397,12724.4,55
24660974,362,10342.9,55
24660975,630,12625.3,95
24660976,492,5239.6,135
24660977,517,8867.9,80
24660978,530,6287.1,80
24660979,501,8836,80
24660980,425,10925.4,50
24660981,945,1092.1,140
24660982,431,16770.4,85
24660983,664,11669.6,125
24660984,302,1439.5,10
24660985,414,2747.2,30
24660986,412,9927.7,65
24660987,451,9337.5,70
24660988,343,9527.8,50
24660989,351,9093.3,50
24660990,576,5714.3,85
24660991,641,6775.9,65
24660992,789,9862.5,110
24660993,519,2172.5,80
24660994,566,14438.8,55
24660995,263,9962.1,15
24660997,953,12589.2,205
24660998,685,12123.9,170
24660999,521,10922.4,75
24661000,492,5942,85
24661001,548,12597.7,135
24661002,858,11547.8,160
24661003,564,10722.4,100
24661004,532,9655.2,100
24661005,466,8426.8,115
24661006,313,9287.8,40
24661007,474,9895.6,70
24661008,354,15458.5,95
24661009,598,12008,100
24661010,606,9439.3,85
24661011,436,7744.2,55
24661012,506,10519.8,135
24661013,641,14181.4,80
24661014,628,13110.6,100
24661015,336,10434.8,70
24661016,626,11381.8,145
24661017,671,11353.6,130
24661018,768,11907,70
24661019,557,12377.8,95
24661020,626,10178.9,100
24661021,269,7707.7,40
24661022,398,5257.6,65
24661023,474,6139.9,80
24661024,482,5320.1,80
24661025,497,6893.2,60
24661026,695,10190.6,110
24661027,535,10721.4,105
24661028,480,11764.7,90
24661029,422,12411.8,45
24661030,854,19148,210
24661031,352,15855.9,55
24661032,740,7605.3,150
24661033,373,15672.3,80
24661034,590,13532.1,165
24661035,455,12603.9,85
24661036,515,9279.3,85
24661037,439,12436.3,50
24661038,467,12794.5,85
24661039,455,6603.8,140
24661040,523,7492.8,75
24661041,542,11731.6,75
24661042,569,15173.3,85
24661043,773,13705.7,115
24661044,587,13683,90
24661045,526,11714.9,75
24661046,397,796.5,75
24661047,747,631,140
24661048,1443,10329.3,215
24661049,405,14727.3,90
24661050,536,7444.4,95
24661051,600,8403.4,150
24661052,492,9781.3,65
24661053,500,14534.9,80
24661054,873,5456.3,105
24661055,1282,5935.2,165
24661058,662,8004.8,130
24661059,400,21621.6,90
24661060,634,7836.8,110
24661062,959,17404.7,150
24661063,554,31657.1,160
24661066,449,7904.9,85
24661067,417,7214.5,55
24661068,592,7089.8,65
24661069,641,6481.3,75
24661070,583,5205.4,55
24661071,421,6349.9,35
24661072,537,3107.6,45
24661073,465,6818.2,40
24661080,1305,105241.9,610
24661081,576,32727.3,205
24661082,793,61000,305
24661083,451,12156.3,145
24661084,608,32340.4,215
24661086,160,2457.8,
24661087,585,14552.2,265
24661093,419,16561.3,140
24661094,807,63046.9,375
24661099,394,13824.6,70
24661100,770,6525.4,185
24661102,915,12942,95
24661103,576,23510.2,215
24661104,1572,7201.1,710
24661105,377,17214.6,155
24661106,5477,15067.4,2625
24661108,446,7533.8,85
24661109,557,18881.4,160
24661110,549,10785.9,75
24661111,579,18737.9,200
24661113,679,16601.5,140
24661114,616,11961.2,110
24661116,573,17576.7,175
24661117,521,11400.4,215
24661118,502,9561.9,170
24661119,842,10318.6,115
24661120,850,9918.3,40
24661121,655,10446.6,100
24661122,585,13448.3,225
24661123,544,16190.5,210
24661124,2375,7748.8,365
24661125,1028,6253,235
24661126,704,10764.5,160
24661127,702,8830.2,110
24661128,594,12222.2,110
24661129,695,8475.6,130
24661130,505,12817.3,70
24661131,503,14495.7,105
24661132,502,11674.4,80
24661133,395,11549.7,55
24661134,507,4095.3,105
24661135,768,9795.9,140
24661136,569,10576.2,60
24661137,677,15929.4,140
24661138,449,11395.9,45
24661139,719,15942.4,65
24661140,529,12245.4,80
24661141,518,17441.1,70
24661142,462,7911,55
24661143,500,17301,95
24661144,777,18456.1,135
24661145,312,14786.7,45
24661146,611,9935,115
24661147,622,16072.4,130
24661148,594,9041.1,160
24661149,563,11560.6,120
24661150,691,11091.5,125
24661151,366,10892.9,65
24661152,511,15208.3,90
24661153,503,15105.1,115
24661154,417,13539,80
24661155,482,22212,90
24661156,491,21919.6,100
24661157,420,19354.8,105
24661158,430,18454.9,75
24661159,363,14069.8,40
24661160,429,15376.3,60
24661161,389,10429,60
24661162,641,12897.4,105
24661163,735,17583.7,135
24661164,494,17152.8,175
24661165,536,10572,50
24661166,597,4853.7,50
24661167,428,15070.4,85
24661168,416,14394.5,80
24661169,691,14102,85
24661170,548,23930.1,70
24661171,618,15527.6,110
24661172,685,10316.3,60
24661173,401,13972.1,45
24661174,548,21158.3,95
24661175,408,17435.9,70
24661176,486,22396.3,100
24661177,498,22432.4,90
24661178,347,6660.3,55
24661179,1003,14970.1,125
24661180,704,21014.9,265
24661181,607,18283.1,125
24661182,497,12302,65
24661183,778,19746.2,195
24661184,550,3859.6,80
24661185,551,13809.5,110
24661187,584,9982.9,80
24661189,737,6780.1,75
24661190,615,8167.3,40
24661191,490,4900,60
24661192,633,10428.3,70
24661193,343,14784.5,70
24661194,701,10936,85
24661195,557,7338.6,45
24661196,669,6501.5,70
24661197,618,11195.7,60
24661198,493,11255.7,50
24661199,548,13979.6,70
24661200,559,7513.4,60
24661201,585,12885.5,65
24661202,472,11211.4,40
24661203,832,8748.7,75
24661204,255,3032.1,15
24661205,707,6295.6,130
24661206,520,6357,85
24661207,503,10244.4,60
24661208,15,18.6,
24661209,642,5019.5,65
24661210,321,13717.9,30
24661211,344,12981.1,35
24661212,4943,4344.3,675
24661213,476,4812.9,130
24661214,590,6008.1,95
24661215,672,17777.8,125
24661216,365,19414.9,65
24661217,350,17073.2,45
24661218,445,21813.7,80
24661219,359,12336.8,45
24661220,381,12172.5,65
24661221,455,14536.7,100
24661222,1066,8548.5,105
24661223,1018,2796.7,155
24661224,1286,3677.4,130
24661225,288,9113.9,30
24661226,854,6589.5,70
24661227,1520,7224.3,120
24661228,502,5756.9,45
24661229,1234,13099.8,255
24661230,965,5171.5,110
24661231,352,5474.3,25
24661232,1375,10504.2,270
24661233,853,10203.3,145
24661234,391,9678.2,25
24661237,90,5660.4,
24661240,3198,4261.7,390
24661241,686,16103.3,55
24661242,684,293.1,115
24661243,616,10266.7,290
24661244,528,15042.7,80
24661245,487,9681.9,55
24661246,566,12605.8,60
24661247,407,12523.1,80
24661248,346,9033.9,110
24661249,556,10090.7,65
24661250,663,9311.8,110
24661251,597,11963.9,105
24661252,1339,4846.2,285
24661255,634,9434.5,90
24661256,1275,4974.6,180
24661257,818,4381.4,105
24661258,316,5180.3,
24661259,335,3511.5,160
24661260,1647,19445.1,435
24661261,916,16386.4,165
24661262,867,10471,160
24661263,301,12186.2,205
24661264,781,11709.1,330
24661265,561,4675,125
24661269,492,10102.7,185
24661270,624,24664,125
24661271,633,33492.1,240
24661272,858,23966.5,260
24661273,653,36480.4,230
24661276,673,33482.6,250
24661277,580,19016.4,255
24661278,652,20438.9,380
24661279,367,22108.4,175
24661280,723,32567.6,340
24661281,768,39587.6,445
24661282,458,23854.2,230
24661284,260,6018.5,120
24661285,548,30109.9,230
24661286,467,21822.4,210
24661299,564,952.5,105
24661300,364,13893.1,75
24661301,642,10288.5,205
24661302,593,8305.3,30
24661303,579,7192.5,80
24661304,262,5424.4,45
24661305,424,11336.9,115
24661306,427,32105.3,130
24661308,801,20485.9,200
24661309,392,4096.1,75
24661310,333,22965.5,100
24661311,456,31888.1,160
24661312,460,11004.8,215
24661313,594,2847.6,230
24661314,735,36029.4,175
24661315,630,33333.3,215
24661316,924,24315.8,350
24661317,488,3833.5,130
24661318,270,13636.4,65
24661319,475,18199.2,145
24661320,670,6492.2,140
24661321,457,25109.9,125
24661322,470,16206.9,85
24661323,716,21373.1,165
24661324,459,11389.6,125
24661325,353,23377.5,100
24661326,305,22761.2,80
24661327,505,30792.7,140
24661328,803,27128.4,240
24661329,775,24760.4,210
24661330,503,19053,140
24661331,308,14128.4,70
24661332,670,11591.7,130
24661333,453,17976.2,105
24661334,106,1428.6,
24661335,528,5701.9,140
24661336,657,4439.2,260
24661337,521,6955.9,95
24661338,553,12180.6,170
24661339,980,14759,260
24661340,796,12006,165
24661341,294,18967.7,40
24661342,466,28414.6,175
24661343,1138,29179.5,370
24661344,379,11697.5,25
24661345,309,10842.1,20
24661346,743,10494.4,75
24661347,316,11490.9,45
24661348,480,10344.8,75
24661349,444,7104,15
24661350,430,7543.9,20
24661351,1732,16007.4,125
24661352,673,3259.1,115
24661353,579,19627.1,70
24661354,549,18361.2,70
24661355,609,6677.6,50
24661356,493,8741.1,40
24661357,536,13922.1,65
24661358,635,16933.3,75
24661359,681,23728.2,40
24661360,483,21855.2,45
24661361,663,17822.6,40
24661362,801,6554.8,100
24661363,541,11154.6,45
24661364,787,5222.3,95
24661365,638,30673.1,60
24661366,775,34598.2,60
24661367,962,18358.8,195
24661368,737,18517.6,85
24661369,575,16812.9,70
24661370,614,19616.6,110
24661371,527,5275.3,110
24661372,373,15040.3,45
24661373,394,15573.1,50
24661374,295,13111.1,80
24661375,952,4678.1,250
24661376,532,11319.1,115
24661377,407,13612,80
24661378,510,15315.3,60
24661379,494,15061,45
24661380,418,13312.1,40
24661381,643,22249.1,50
24661382,638,17921.3,105
24661383,977,14262.8,190
24661384,708,19504.1,50
24661385,588,8659.8,25
24661386,374,5123.3,35
24661387,422,17085,40
24661388,448,17230.8,40
24661389,383,13161.5,40
24661390,445,15836.3,55
24661391,484,21135.4,60
24661392,434,18312.2,50
24661393,387,26506.8,15
24661394,734,29011.9,75
24661395,463,8735.8,30
24661396,527,8058.1,65
24661397,398,3270.3,20
24661398,461,7557.4,20
24661399,426,2868.7,35
24661400,406,3859.3,30
24661401,442,5034.2,80
24661402,1389,12719.8,150
24661405,1295,31280.2,225
24661407,820,12166.2,50
24661408,536,27772,150
24661409,515,2662.9,15
24661410,481,24666.7,215
24661411,569,4300.8,50
24661412,238,258.8,
24661413,625,3468.4,45
24661414,539,22365.1,45
24661415,546,10854.9,70
24661416,483,15333.3,65
24661417,618,13464.1,100
24661418,322,14311.1,25
24661419,781,50714.3,180
24661420,386,15755.1,70
24661421,435,16477.3,40
24661422,620,14123,135
24661423,676,19941,165
24661424,530,16772.2,90
24661425,774,10502,150
24661426,500,21739.1,100
24661427,720,16705.3,105
24661428,471,16584.5,85
24661429,492,10445.9,70
24661430,380,10982.7,35
24661431,616,11261.4,100
24661432,560,16816.8,50
24661433,324,6493,
24661434,1085,14883.4,190
24661435,657,14797.3,100
24661436,621,20097.1,205
24661437,887,17599.2,195
24661438,631,15427.9,125
24661439,430,13915.9,65
24661440,550,17857.1,105
24661441,1061,8661.2,185
24661442,1138,10963.4,255
24661443,607,20646.3,75
24661444,1428,14952.9,330
24661445,437,14327.9,105
24661446,602,15279.2,90
24661447,944,14866.1,190
24661448,433,17601.6,75
24661449,472,16164.4,110
24661450,402,13958.3,50
24661451,379,15532.8,60
24661452,413,13859.1,90
24661453,787,12070.6,105
24661454,585,11142.9,105
24661455,377,12866.9,35
24661456,596,13545.5,85
24661457,640,17777.8,100
24661458,362,18659.8,70
24661459,331,15183.5,55
24661460,297,13878.5,30
24661461,568,16090.7,80
24661462,444,13703.7,140
24661463,764,11808.3,50
24661464,661,11337.9,170
24661465,340,12230.2,50
24661466,493,8819.3,105
24661467,669,9529.9,65
24661468,596,8575.5,75
24661469,444,13619.6,50
24661470,340,11888.1,30
24661471,416,13248.4,45
24661472,352,11354.8,35
24661473,336,9940.8,30
24661474,354,13882.4,50
24661475,327,12874,85
24661476,313,11992.3,80
24661477,739,14633.7,165
24661478,406,15496.2,70
24661479,660,14224.1,105
24661480,561,7946.2,115
24661481,585,11359.2,95
24661482,748,13169,150
24661483,533,8393.7,85
24661484,612,11724.1,105
24661485,400,6944.4,90
24661486,510,12085.3,145
24661487,597,18090.9,85
24661488,452,8950.5,80
24661489,613,7220.3,75
24661490,571,11512.1,130
24661491,655,6014.7,65
24661492,433,14481.6,95
24661493,708,14567.9,140
24661494,683,28697.5,140
24661495,397,15691.7,90
24661496,350,13565.9,55
24661497,333,13162.1,40
24661498,326,5158.2,60
24661499,557,9893.4,65
24661500,500,7788.2,75
24661501,520,12381,90
24661502,473,13670.5,75
24661503,460,14649.7,190
24661504,582,16967.9,145
24661505,420,17427.4,65
24661506,677,18547.9,135
24661507,535,13932.3,40
24661508,432,12033.4,40
24661509,580,12473.1,80
24661510,463,13153.4,55
24661513,507,10787.2,85
24661514,461,10021.7,55
24661515,428,10567.9,60
24661516,506,12076.4,80
24661517,502,12613.1,80
24661518,601,11297,85
24661519,656,15656.3,90
24661520,985,8375.9,110
24661521,2664,12770.9,320
24661522,922,10120.7,260
24661523,440,19469,210
24661524,302,13853.2,90
24661525,504,15949.4,150
24661526,385,20052.1,125
24661527,435,23901.1,125
24661528,492,28439.3,165
24661529,398,24875,125
24661530,511,6576.6,155
24661531,563,19616.7,155
24661532,572,2132.7,45
24661533,865,23441.7,265
24661534,400,19900.5,140
24661535,525,24305.6,150
24661536,503,23838.9,160
24661537,566,27343,180
24661538,430,20379.1,145
24661539,531,23289.5,165
24661540,599,25708.2,160
24661541,481,25721.9,125
24661542,367,19315.8,100
24661543,392,22400,115
24661544,363,21104.7,95
24661545,615,17521.4,170
24661546,536,17402.6,135
24661547,642,40632.9,190
24661548,588,19342.1,160
24661549,698,13397.3,225
24661550,335,19034.1,110
24661551,524,14395.6,155
24661554,406,12192.2,100
24661555,670,18767.5,200
24661556,657,7604.2,165
24661557,544,16484.8,170
24661558,346,24539,85
24661559,434,27643.3,150
24661560,585,19243.4,115
24661561,380,27737.2,120
24661562,566,32716.8,180
24661563,807,20482.2,295
24661564,912,32455.5,370
24661566,787,50448.7,230
24661567,404,1445.4,40
24661568,444,2699.1,30
24661569,446,2835.3,20
24661570,386,1608.3,15
24661571,478,3085.9,15
24661572,604,8296.7,125
24661573,1504,5419.8,150
24661574,521,3438.9,25
24661575,736,6405.6,85
24661576,611,5721,70
24661577,630,4988.1,80
24661578,534,3586.3,30
24661579,773,13779,135
24661580,603,5710.2,125
24661581,561,2198.3,80
24661582,435,3004.1,10
24661583,443,2468,25
24661584,409,2836.3,15
24661585,568,4146,40
24661586,502,3096.9,25
24661587,617,3865.9,50
24661589,410,2757.2,20
24661590,476,2458.7,10
24661591,615,4172.3,85
24661592,573,3169.2,35
24661593,426,10676.7,85
24661594,663,6424.4,90
24661595,507,3766.7,75
24661597,490,3022.8,10
24661598,467,3068.3,40
24661599,522,4176,20
24661600,514,3282.2,15
24661601,818,2198.9,125
24661602,570,4109.6,35
24661603,368,216.6,45
24661606,492,27954.5,125
24661609,1057,18318.9,180
24661611,453,7001.5,70
24661614,831,11446.3,230
24661615,735,31681,230
24661616,652,28471.6,180
24661617,299,17588.2,125
24661618,1012,27955.8,185
24661619,1161,6358.2,130
24661620,917,4578.1,70
24661621,1241,8143,300
24661622,383,19641,105
24661623,463,20577.8,140
24661624,372,15829.8,110
24661625,574,2445.7,90
24661626,684,6047.7,115
24661627,878,17015.5,110
24661628,602,2627.7,100
24661629,620,10367.9,45
24661630,809,6769.9,170
24661631,717,6688.4,120
24661632,628,11893.9,105
24661633,719,12526.1,95
24661634,345,11896.6,35
24661635,522,12399,95
24661636,522,11177.7,75
24661637,279,10145.5,55
24661638,367,14798.4,65
24661639,827,11056.1,175
24661640,820,16205.5,160
24661641,844,14678.3,70
24661642,452,14868.4,75
24661643,425,13934.4,25
24661644,434,15390.1,55
24661645,606,18878.5,65
24661646,403,12286.6,45
24661647,894,12538.6,120
24661648,411,14270.8,50
24661649,381,12451,55
24661650,434,14229.5,50
24661651,488,16885.8,75
24661652,539,14373.3,90
24661653,617,12027.3,105
24661654,767,15685.1,175
24661655,380,15510.2,55
24661656,337,13164.1,35
24661657,422,14161.1,70
24661658,630,11014,70
24661659,511,8918,50
24661660,580,10069.4,70
24661661,430,15140.8,55
24661662,440,10551.6,55
24661663,563,4076.8,180
24661664,662,7985.5,105
24661665,512,12367.1,90
24661666,744,8701.8,90
24661667,459,7886.6,70
24661668,587,10463.5,100
24661669,498,3406.3,65
24661670,746,6464.5,150
24661671,416,14344.8,110
24661672,383,11676.8,75
24661673,1050,14664.8,190
24661674,598,12696.4,160
24661675,297,12479,45
24661676,470,20346.3,85
24661677,411,16913.6,115
24661678,442,7049.4,80
24661679,312,3909.8,10
24661680,585,12971.2,115
24661681,535,10249,125
24661682,590,5519.2,85
24661683,563,11373.7,105
24661684,657,12634.6,125
24661685,822,14784.2,155
24661686,702,6585.4,120
24661687,602,9495.3,45
24661688,457,3573.1,45
24661689,433,11159.8,35
24661690,491,4207.4,55
24661691,575,10070.1,80
24661692,737,12728.8,115
24661693,480,10526.3,65
24661694,470,4690.6,30
24661695,331,10060.8,30
24661696,604,10307.2,165
24661697,1135,17762.1,450
24661698,564,10107.5,65
24661699,714,10867.6,105
24661700,638,5023.6,160
24661701,475,6324.9,45
24661702,500,12722.6,65
24661703,726,7461.5,110
24661704,649,12877,115
24661705,660,3859.6,90
24661709,1310,2349.8,165
24661710,596,10915.8,70
24661711,549,8970.6,60
24661712,375,8278.1,35
24661713,559,9148.9,60
24661714,528,12941.2,75
24661715,705,4604.8,185
24661716,683,12648.1,110
24661717,415,9904.5,45
24661718,439,1408,60
24661719,609,4177,80
24661720,710,792.1,120
24661721,489,12868.4,75
24661723,645,14365.3,110
24661725,323,2279.5,50
24661726,424,4976.5,45
24661727,443,356.3,55
24661728,825,2142.3,185
24661729,271,7094.2,
24661730,448,17848.6,70
24661731,515,13411.5,65
24661732,411,15747.1,70
24661733,448,17034.2,85
24661734,573,18910.9,85
24661735,539,15533.1,95
24661736,506,9267.4,95
24661737,454,16330.9,75
24661738,676,10579,210
24661739,585,16714.3,105
24661740,448,12836.7,90
24661741,604,19610.4,100
24661742,509,15103.9,110
24661743,502,18801.5,115
24661744,630,17307.7,140
24661745,456,16056.3,50
24661746,768,20371.4,145
24661747,469,16006.8,75
24661748,990,10819.7,155
24661749,495,15137.6,120
24661750,512,12367.1,115
24661751,274,2558.4,55
24661752,753,8586.1,130
24661753,463,20130.4,75
24661754,395,16255.1,50
24661755,447,20135.1,50
24661756,374,16622.2,65
24661757,787,17765.2,120
24661758,468,16654.8,65
24661759,476,16819.8,85
24661760,417,17020.4,85
24661761,769,14903.1,105
24661762,562,12406.2,95
24661763,988,12699.2,185
24661764,416,12093,45
24661765,857,12156,215
24661766,823,10619.4,90
24661767,1316,12801.6,190
24661768,476,7104.5,55
24661769,436,22020.2,35
24661770,588,7924.5,50
24661771,768,18113.2,150
24661772,355,16824.6,65
24661773,758,12549.7,155
24661774,501,22366.1,110
24661775,538,11594.8,75
24661776,428,9145.3,85
24661777,683,6998,115
24661778,1539,10899.4,245
24661779,605,6368.4,135
24661780,496,9429.7,115
24661781,674,9258.2,155
24661782,646,5535.6,130
24661783,1001,14720.6,205
24661784,689,15448.4,155
24661785,613,17170.9,130
24661786,522,7933.1,160
24661787,552,12349,110
24661788,526,14692.7,120
24661789,486,14046.2,75
24661790,515,14425.8,150
24661791,554,19370.6,90
24661792,615,17372.9,110
24661793,426,14843.2,70
24661794,409,18506.8,90
24661795,765,17465.8,135
24661796,477,16678.3,65
24661797,350,10057.5,55
24661798,583,15261.8,65
24661799,482,22843.6,205
24661800,494,24949.5,175
24661801,376,6608.1,30
24661802,701,9629.1,85
24661803,427,23461.5,50
24661804,554,19507,140
24661805,610,16944.4,85
24661806,703,18025.6,55
24661807,536,18939.9,60
24661808,424,17448.6,70
24661809,522,11497.8,90
24661810,1104,8874.6,130
24661811,493,19799.2,75
24661812,459,18966.9,60
24661813,414,15984.6,50
24661814,566,12494.5,65
24661815,343,16255.9,35
24661816,658,13081.5,85
24661817,548,12123.9,90
24661818,388,18564.6,145
24661819,632,17362.6,70
24661820,559,13836.6,60
24661821,710,11488.7,85
24661822,549,12649.8,100
24661823,535,18321.9,55
24661824,1025,17432,85
24661825,483,16947.4,70
24661826,560,17445.5,70
24661827,908,6021.2,95
24661828,642,14792.6,75
24661829,482,11842.8,135
24661830,518,13047.9,60
24661831,414,14226.8,30
24661832,572,19930.3,110
24661833,598,12696.4,145
24661834,535,19597.1,115
24661835,568,12792.8,145
24661836,325,11168.4,35
24661837,460,10526.3,70
24661838,740,14653.5,100
24661839,632,16040.6,115
24661840,350,11666.7,50
24661841,380,16379.3,55
24661842,695,18386.2,225
24661843,599,20443.7,110
24661844,605,19967,120
24661845,497,16566.7,50
24661846,565,15694.4,95
24661847,582,13566.4,95
24661848,694,30708,170
24661849,622,18029,130
24661850,674,22098.4,235
24661851,690,17250,170
24661852,695,12366.5,160
24661853,1046,14021.4,220
24661854,501,16755.9,160
24661855,580,15549.6,115
24661856,387,13871,45
24661857,350,15486.7,80
24661858,1285,7158.8,305
24661859,916,12345,340
24661860,555,38275.9,190
24661861,675,15237,135
24661862,408,16385.5,70
24661863,599,18042.2,120
24661864,366,16339.3,95
24661865,528,8529.9,110
24661866,592,12231.4,120
24661867,553,10203,155
24661868,501,22981.7,115
24661869,477,7361.1,100
24661870,836,4869,175
24661871,1310,6289,245
24661872,179,6172.4,
24661873,624,16250,165
24661874,736,11832.8,150
24661877,420,4729.7,120
24661879,929,7754.6,210
24661880,502,13245.4,75
24661881,639,17899.2,90
24661882,1161,17406.3,190
24661883,704,6518.5,150
24661884,526,12204.2,150
24661885,728,6143.5,140
24661886,616,5605.1,190
24661887,571,13825.7,115
24661889,1371,48964.3,340
24661890,388,22958.6,50
24661891,297,18447.2,50
24661892,519,20927.4,65
24661893,313,17784.1,45
24661894,520,5019.3,45
24661895,694,18457.4,110
24661896,498,21101.7,95
24661897,663,17176.2,110
24661898,509,13646.1,100
24661899,923,23606.1,205
24661900,609,16776.9,100
24661901,414,14375,35
24661902,677,15854.8,95
24661903,466,19829.8,105
24661904,469,15032.1,80
24661905,488,17745.5,55
24661906,466,16884.1,60
24661907,603,13311.3,90
24661908,757,18691.4,80
24661909,394,12468.4,50
24661910,453,10318.9,40
24661911,484,16575.3,65
24661912,519,16068.1,80
24661913,531,14709.1,40
24661916,653,2759.9,185
24661917,743,2263.9,130
24661918,602,5341.6,100
24661919,802,2522,260
24661920,445,2738.5,120
24661921,376,2105.3,70
24661922,438,3656.1,125
24661926,599,11814.6,85
24661927,845,8475.4,155
24661928,746,9777.2,160
24661929,639,20221.5,200
24661936,347,12851.9,85
24661937,789,13372.9,130
24661940,665,17546.2,225
24661941,530,21900.8,185
24661942,294,2169.7,
24661943,549,18931,235
24661944,677,12654.2,140
24661945,341,15088.5,150
24661946,727,12385,175
24661947,438,19043.5,155
24661948,480,13559.3,95
24661949,640,16580.3,105
24661950,413,10783.3,75
24661953,608,12408.2,125
24661954,664,15229.4,110
24661955,469,18178.3,90
24661956,446,10067.7,60
24661957,700,13888.9,130
24661958,747,19252.6,250
24661959,500,14662.8,160
24661960,554,15694.1,155
24661961,549,3420.6,135
24661962,474,9713.1,155
24661963,760,19095.5,200
24661964,783,20128.5,170
24661965,534,11337.6,125
24661966,1277,8788.7,125
24661967,1004,3800.2,165
24661968,531,13341.7,90
24661969,603,18000,90
24661970,487,11567.7,60
24661971,436,13252.3,100
24661972,722,7134.4,140
24661973,505,15732.1,105
24661974,498,11267,85
24661975,539,12277.9,40
24661976,545,12302.5,70
24661977,412,12875,70
24661978,559,9893.8,40
24661979,612,10251.3,70
24661980,539,12682.4,50
24661981,454,15337.8,60
24661982,524,16324,60
24661983,636,9298.2,150
24661984,580,10052,80
24661985,326,26721.3,135
24661986,593,10206.5,105
24661987,365,20391.1,65
24661988,298,16741.6,30
24661989,520,16507.9,75
24661990,439,12331.5,95
24661991,556,15574.2,75
24661992,527,16730.2,115
24661993,595,15101.5,90
24661994,467,15261.4,75
24661995,683,13938.8,125
24661996,463,10220.8,35
24661997,520,11764.7,60
24661998,683,14378.9,100
24661999,567,12974.8,75
24662000,453,12724.7,55
24662001,562,15148.2,105
24662002,573,16902.7,200
24662003,279,13811.9,90
24662004,550,14175.3,80
24662005,469,15032.1,85
24662006,585,18932,130
24662007,541,18401.4,130
24662008,550,9259.3,60
24662009,483,13760.7,70
24662010,522,14301.4,50
24662011,757,13813.9,80
24662012,693,13804.8,165
24662013,511,14353.9,70
24662014,791,6483.6,165
24662015,370,7708.3,35
24662016,608,16521.7,60
24662017,410,21808.5,50
24662018,382,20105.3,65
24662019,392,20416.7,50
24662020,428,15231.3,85
24662021,432,15483.9,70
24662022,446,13937.5,65
24662024,2628,16353.5,415
24662025,601,24732.5,200
24662026,812,3028.7,205
24662027,569,3266.4,70
24662028,447,14419.4,85
24662029,504,15750,85
24662030,486,20000,75
24662031,703,15282.6,75
24662032,621,2758.8,120
24662033,383,14029.3,55
24662034,304,17078.7,40
24662035,543,17075.5,65
24662036,482,11448.9,45
24662037,562,13445,100
24662038,479,13764.4,60
24662039,328,9187.7,20
24662040,949,14227.9,230
24662041,754,11582.2,125
24662042,545,8384.6,105
24662043,265,11276.6,100
24662044,775,21954.7,190
24662045,639,13538.1,80
24662046,733,16928.4,135
24662047,536,4470.4,120
24662048,558,17116.6,125
24662049,731,15586.4,140
24662050,569,12644.4,40
24662051,548,6682.9,160
24662052,475,11309.5,80
24662053,520,14168.9,85
24662054,753,8605.7,85
24662055,972,17867.6,285
24662056,818,15883.5,160
24662057,501,9671.8,195
24662058,1072,4240.5,110
24662064,672,14029.2,85
24662065,592,5961.7,110
24662066,1123,5079.1,150
24662067,0,0,
24662069,418,12590.4,95
24662070,888,13598.8,125
24662071,585,23588.7,125
24662072,581,23617.9,60
24662073,1347,10589.6,255
24662074,667,13838.2,100
24662075,448,19478.3,105
24662076,638,15753.1,105
24662077,479,11711.5,80
24662078,579,14226,95
24662079,688,11043.3,110
24662080,593,12590.2,90
24662081,759,10120,165
24662082,435,30851.1,120
24662083,591,16554.6,185
24662084,766,3543,120
24662085,672,9243.5,80
24662086,649,9460.6,120
24662087,723,20598.3,135
24662088,693,19143.6,200
24662089,1275,3782.3,290
24662090,663,7222.2,100
24662091,482,4958.8,65
24662092,593,15940.9,90
24662093,476,17372.3,65
24662094,686,16650.5,90
24662095,553,9770.3,45
24662096,603,13023.8,95
24662097,575,14483.6,65
24662098,354,14103.6,45
24662099,579,10034.7,50
24662100,386,12697.4,80
24662101,389,5780.1,45
24662102,268,9436.6,45
24662103,485,7637.8,80
24662104,579,7997.2,65
24662105,596,9675.3,120
24662106,515,10039,60
24662108,696,14500,125
24662109,581,17447.4,170
24662110,435,14846.4,100
24662111,459,11984.3,25
24662112,533,17475.4,55
24662113,494,3648.4,20
24662114,1325,6106,240
24662115,1428,5582.5,360
24662116,535,16461.5,225
24662117,345,2647.7,45
24662118,381,5834.6,30
24662119,788,5299.3,20
24662120,531,6131.6,65
24662121,520,7692.3,40
24662122,660,2874.6,30
24662123,479,3623.3,60
24662124,584,11541.5,55
24662125,682,16394.2,155
24662126,541,13525,50
24662127,684,7022.6,180
24662128,981,10250.8,150
24662129,592,14581.3,140
24662130,462,5397.2,125
24662131,556,15706.2,165
24662132,595,15824.5,105
24662133,525,7373.6,80
24662134,485,6708.2,160
24662135,469,8030.8,50
24662136,1857,22954.3,265
24662137,313,9873.8,45
24662138,667,3691.2,65
24662140,1102,44796.7,410
24662141,542,33875,245
24662142,795,26858.1,290
24662143,388,3789.1,70
24662144,782,12861.8,85
24662145,303,1878.5,40
24662147,582,15561.5,95
24662148,678,5055.9,140
24662149,571,7832.6,35
24662150,613,7558.6,50
24662151,609,17911.8,140
24662152,827,6476.1,95
24662153,711,12322.4,170
24662154,887,9758,140
24662155,1057,12233.8,255
24662156,401,6672.2,60
24662157,589,13858.8,130
24662158,651,9616,125
24662159,678,9769.5,110
24662160,811,15536.4,110
24662161,672,14297.9,105
24662162,453,1490.1,75
24662163,1035,7222.6,215
24662164,721,4472.7,250
24662165,629,14040.2,130
24662167,559,4367.2,135
24662168,592,22424.2,180
24662169,383,11821,55
24662170,664,6025.4,50
24662171,1076,8163.9,110
24662172,407,7203.5,55
24662173,960,7048.5,125
24662174,777,1906.7,175
24662175,702,10430.9,110
24662176,823,4229.2,105
24662177,326,10482.3,25
24662178,949,11601.5,185
24662179,932,8850.9,150
24662180,905,12604.5,250
24662182,546,3303.1,125
24662183,276,10375.9,60
24662187,685,2454.3,65
24662192,539,7082.8,65
24662193,1048,2835.5,125
24662195,523,8924.9,50
24662196,483,9061.9,140
24662197,592,5309.4,85
24662198,614,8587.4,65
24662199,593,11719.4,110
24662200,456,27469.9,120
24662201,580,20640.6,145
24662202,534,16635.5,95
24662203,909,19464.7,225
24662204,618,55675.7,185
24662205,939,7049.5,95
24662206,423,7775.7,15
24662209,751,5871.8,140
24662210,437,9842.3,40
24662211,532,5185.2,75
24662212,437,5303.4,60
24662213,416,4416.1,20
24662214,592,25191.5,180
24662215,823,29288.3,300
24662216,1393,8213.4,70
24662217,1195,4893.5,185
24662218,535,2649.8,100
24662219,404,3458.9,55
24662220,698,7940.8,150
24662221,645,3780.8,55
24662222,594,3733.5,15
24662223,477,3251.5,25
24662224,422,3114.4,15
24662225,439,3188.1,15
24662226,613,3006.4,15
24662227,565,4241.7,5
24662228,690,2218.6,10
24662229,588,2886.6,10
24662230,552,3985.6,10
24662231,396,4262.6,5
24662232,533,8898.2,75
24662233,1644,4271.2,220
24662234,507,14653.2,135
24662235,345,16428.6,100
24662236,892,2163.5,30
24662237,439,3273.7,60
24662238,872,2212.1,125
24662239,532,3563.3,45
24662240,704,8523,120
24662241,546,3699.2,55
24662242,757,3214.4,80
24662243,632,1270.4,125
24662244,473,2772.6,20
24662245,446,2377.4,25
24662246,1141,10224,190
24662247,0,0,
24662248,474,1593.3,20
24662250,537,1136.5,30
24662251,526,3014.3,40
24662252,349,3144.1,15
24662253,410,11021.5,30
24662254,455,3500,25
24662255,473,3627.3,40
24662256,503,2548.1,20
24662257,575,3113.2,25
24662258,440,1626,20
24662259,685,1925.2,50
24662260,458,2565.8,25
24662261,1284,7157.2,125
24662262,504,1147,45
24662263,520,1966,20
24662264,498,2837.6,20
24662265,556,2209.9,20
24662266,505,1562.5,10
24662267,637,1602.9,25
24662268,281,2812.8,15
24662269,1210,4834.2,50
24662270,525,6083.4,45
24662271,742,3051,50
24662272,895,6476.1,100
24662273,504,2994.7,30
24662274,531,3275.8,10
24662275,571,2405.2,20
24662276,495,2920.4,25
24662277,625,2297.8,10
24662278,748,6726.6,60
24662279,455,13704.8,105
24662280,529,2638.4,25
24662281,451,1676.6,10
24662282,465,4086.1,40
24662283,432,3310.3,30
24662284,675,954.2,25
24662285,335,3297.2,
24662286,391,2819,25
24662287,438,3643.9,35
24662288,440,2979,35
24662289,819,826.7,105
24662290,624,2805.8,25
24662291,720,2434.1,85
24662292,559,3097,20
24662293,585,1753.6,45
24662294,461,2947.6,20
24662295,349,3554,20
24662296,449,2286.2,10
24662297,465,1732.5,30
24662298,526,2020,20
24662299,548,2149,85
24662300,506,2089.2,50
24662301,623,2878.9,55
24662302,424,2005.7,20
24662303,562,1547.4,15
24662304,467,2713.5,15
24662305,578,2965.6,40
24662306,401,1246.5,15
24662307,402,2008,20
24662308,466,1742.7,15
24662309,449,1540.8,30
24662310,425,2123.9,15
24662311,523,1552.9,35
24662312,451,1387.3,40
24662313,623,887.6,45
24662314,497,3413.5,50
24662315,557,2557.4,35
24662316,365,2796.9,25
24662317,525,2810.5,25
24662318,431,2747,25
24662319,464,1674.5,30
24662320,618,2183.7,35
24662321,518,3291,45
24662322,740,2406.5,45
24662323,570,4892.7,20
24662324,623,4472.4,55
24662325,742,3046,25
24662326,643,3736.2,50
24662327,579,2566.5,25
24662328,518,2971.9,25
24662329,471,3182.4,40
24662330,427,3640.2,10
24662331,612,1480.4,10
24662332,1117,6412.2,190
24662333,619,5768.9,190
24662334,655,5320.9,60
24662335,531,4075.2,80
24662336,848,10534.2,210
24662337,398,7145.4,75
24662338,414,2268.5,60
24662339,507,4366.9,40
24662340,409,3293.1,10
24662341,782,3995.9,40
24662342,506,4230.8,35
24662343,448,3561.2,15
24662344,475,2989.3,15
24662345,466,3178.7,20
24662346,441,1997.3,20
24662347,360,2282.8,15
24662348,475,3235.7,5
24662349,470,2928.3,20
24662350,338,3250,20
24662351,214,3440.5,
24662352,574,2498.9,25
24662353,1291,4451.7,170
24662354,319,3505.5,10
24662355,532,4871.8,75
24662356,427,3567.3,20
24662357,812,3377.7,125
24662358,1117,8907.5,100
24662359,413,5942.4,15
24662362,329,3615.4,10
24662363,380,2185.2,20
24662364,465,3858.9,15
24662365,342,3646.1,10
24662366,576,4073.6,25
24662367,676,3243.8,20
24662368,727,3452,15
24662369,409,1888.3,35
24662370,509,3235.9,30
24662371,474,3632.2,25
24662372,508,3854.3,35
24662373,476,4912.3,20
24662374,370,2971.9,15
24662375,640,4435.2,85
24662376,436,2984.3,15
24662377,505,3224.8,25
24662378,440,3429.5,40
24662379,640,3192,25
24662380,497,3112.1,20
24662381,534,4133.1,45
24662382,464,3447.3,25
24662383,537,4153.1,60
24662384,500,1863.6,35
24662385,678,3222.4,30
24662386,914,4637.2,35
24662387,1364,12953.5,390
24662388,565,3373.1,15
24662389,512,2817.8,10
24662390,467,2671.6,20
24662391,839,3974.4,100
24662392,721,5953.8,135
24662393,390,3689.7,15
24662394,826,4666.7,120
24662395,465,3621.5,10
24662396,539,3502.3,10
24662397,1041,1107.4,60
24662398,1394,3397.5,130
24662399,810,5590.1,120
24662400,777,4766.9,55
24662401,901,2901.8,45
24662402,357,7628.2,30
24662403,612,6469.3,45
24662404,980,10745.6,150
24662405,1354,4355.1,225
24662408,675,2910.7,20
24662409,617,2358.6,25
24662410,358,3740.9,20
24662411,1110,10422.5,290
24662412,715,11607.1,125
24662413,267,5562.5,25
24662414,574,10669.1,55
24662415,466,9668,20
24662416,725,8109.6,65
24662417,1072,8866.8,85
24662418,372,8773.6,60
24662419,458,6468.9,115
24662420,392,564.6,55
24662421,573,93,50
24662422,712,1785.8,30
24662423,439,2317.8,15
24662424,546,2895,5
24662425,500,2521.4,15
24662426,898,3632.7,70
24662427,506,2826.8,15
24662428,447,3484,40
24662429,417,2666.2,20
24662430,540,3701.2,50
24662431,471,3266.3,20
24662432,533,62.9,40
24662433,610,84.3,145
24662434,499,401,20
24662435,717,1166.8,55
24662436,292,4763.5,10
24662439,635,13119.8,90
24662440,815,8141.9,125
24662442,948,14170.4,195
24662444,885,7284,95
24662445,858,18940.4,150
24662447,313,11901.1,55
24662448,580,26605.5,130
24662449,484,12872.3,65
24662450,345,12062.9,45
24662452,788,24171.8,170
24662453,1158,30000,240
24662454,921,18643.7,225
24662455,455,11461,70
24662456,842,9044,130
24662457,478,9465.3,50
24662458,239,2404.4,
24662459,406,3104,25
24662460,506,3874.4,10
24662461,369,4310.7,5
24662463,587,11979.6,85
24662465,941,5499.7,65
24662466,1078,5230.5,120
24662467,403,2473.9,15
24662468,456,4249.8,20
24662469,446,3596.8,5
24662470,575,3573.6,25
24662471,523,7144.8,60
24662472,382,5387.9,30
24662473,453,12243.2,60
24662474,640,4324.3,50
24662475,728,2084.8,125
24662476,848,10844,165
24662477,559,5364.7,65
24662478,861,19261.7,280
24662479,398,3702.3,40
24662480,317,1684.4,20
24662483,789,10764,180
24662484,513,19141.8,120
24662485,983,6492.7,290
24662486,712,14442.2,185
24662489,309,9537,80
24662490,674,19312.3,150
24662491,550,39285.7,185
24662492,293,10732.6,110
24662493,910,1571.7,165
24662494,400,4830.9,65
24662495,586,8720.2,40
24662496,361,8375.9,15
24662497,455,6989.2,40
24662498,413,6524.5,35
24662499,385,2943.4,35
24662500,495,5463.6,70
24662501,800,8188.3,100
24662502,1270,12867.3,375
24662503,637,24128.8,200
24662504,314,6946.9,35
24662505,405,4029.9,30
24662506,415,4300.5,30
24662507,546,2875.2,75
24662508,692,4992.8,60
24662509,495,3581.8,25
24662510,543,5895.8,65
24662511,538,10549,95
24662512,715,3769.1,115
24662513,578,7216,65
24662515,595,5068.1,100
24662516,741,13232.1,150
24662518,399,2007,15
24662519,896,1601.7,
24662520,431,6500.8,10
24662521,648,6687.3,45
24662522,540,7584.3,55
24662523,495,8714.8,65
24662524,347,9942.7,35
24662525,583,6123.9,45
24662526,518,7076.5,85
24662527,469,8300.9,85
24662528,1015,4555.7,60
24662529,741,3125.3,230
24662530,592,6047,60
24662531,624,5892.4,40
24662532,412,8142.3,65
24662533,394,19799,180
24662534,492,9060.8,60
24662535,492,5157.2,45
24662536,508,6217.9,25
24662537,488,8987.1,30
24662538,449,8284.1,40
24662539,447,10443.9,50
24662540,815,7799,205
24662541,536,6232.6,35
24662542,879,6910.4,185
24662543,272,2866.2,55
24662544,656,10951.6,145
24662545,749,2904.2,105
24662546,743,6931,115
24662547,642,35469.6,115
24662548,470,3300.6,25
24662549,495,6203,55
24662550,1256,8087.6,140
24662551,415,7980.8,50
24662552,540,10305.3,70
24662553,423,5023.8,25
24662554,459,10851.1,60
24662555,472,9094.4,80
24662556,475,11309.5,95
24662557,598,4283.7,110
24662558,407,8323.1,80
24662559,381,4674.8,110
24662560,669,12054.1,210
24662561,529,9653.3,90
24662562,434,7708.7,95
24662563,1147,7591,185
24662564,558,5289.1,45
24662565,394,3205.9,65
24662566,310,3144,50
24662567,394,3502.2,40
24662568,468,3309.8,35
24662569,458,6131.2,60
24662570,622,2078.9,60
24662571,517,9086.1,110
24662572,484,9219,75
24662573,452,9281.3,65
24662574,507,7578.5,50
24662575,508,2759.4,95
24662576,495,10421.1,90
24662577,604,9789.3,90
24662578,515,8161.6,80
24662579,467,7022.6,20
24662580,533,8406.9,50
24662581,489,11113.6,50
24662582,664,10262.8,70
24662583,533,6197.7,40
24662584,926,9666,80
24662585,529,4343.2,65
24662586,649,4442.2,60
24662587,637,13524.4,120
24662588,638,8137.8,130
24662589,381,2284.2,20
24662590,444,8176.8,30
24662591,399,4784.2,20
24662592,432,7811.9,35
24662593,480,6130.3,40
24662594,394,6024.5,20
24662595,486,6480,105
24662598,492,7961.2,60
24662599,602,9347.8,70
24662600,605,13238.5,25
24662601,1109,5425.6,105
24662602,630,4952.8,25
24662603,1140,3428.6,80
24662604,422,4414.2,35
24662605,663,13128.7,85
24662606,607,17392.6,50
24662607,395,10762.9,100
24662608,553,12890.4,75
24662609,247,11596.2,
24662610,608,8863,65
24662611,862,10105.5,200
24662612,480,11085.5,60
24662613,484,9416.3,50
24662614,394,9358.7,50
24662615,648,1515.4,90
24662616,495,9166.7,30
24662617,813,9842.6,155
24662618,397,4715,20
24662619,743,5582.3,140
24662620,435,19683.3,60
24662621,730,11661.3,105
24662622,506,15333.3,120
24662623,848,13743.9,170
24662624,499,12601,95
24662625,551,15879,145
24662626,632,11087.7,195
24662627,443,10598.1,90
24662628,701,471.5,135
24662629,620,1173.8,115
24662630,430,12951.8,65
24662631,628,18150.3,95
24662632,743,17119.8,165
24662633,781,17871.9,245
24662634,393,21593.4,90
24662635,413,12477.3,45
24662636,417,24970.1,80
24662637,441,26250,75
24662638,825,9939.8,245
24662639,561,9894.2,150
24662640,542,11964.7,90
24662641,493,9197.8,90
24662642,661,2124.7,65
24662643,933,12116.9,120
24662644,477,6068.7,65
24662645,739,8724.9,85
24662646,532,9415.9,65
24662647,416,6331.8,40
24662648,468,5336.4,85
24662649,537,12908.7,70
24662650,448,7021.9,70
24662651,748,11561.1,180
24662652,595,5810.5,70
24662653,560,12727.3,95
24662654,539,5916.6,60
24662655,511,13170.1,60
24662656,472,12291.7,85
24662657,447,8886.7,130
24662658,578,4812.7,
24662659,730,18814.4,235
24662660,513,3712,95
24662661,533,6670.8,105
24662662,591,7586.6,110
24662663,461,11299,205
24662664,722,9036.3,95
24662665,639,10273.3,120
24662666,580,6988,55
24662667,600,8955.2,50
24662668,592,8154.3,65
24662669,699,8514,175
24662670,355,8275.1,50
24662671,580,2920.4,95
24662672,579,7338.4,145
24662673,754,8491,125
24662674,802,15364,160
24662675,753,9843.1,125
24662676,505,6994.5,85
24662677,679,11004.9,180
24662678,510,12085.3,80
24662679,766,7667.7,65
24662680,467,9749.5,80
24662681,474,9028.6,95
24662682,501,9524.7,115
24662683,520,14899.7,60
24662684,659,12158.7,130
24662685,555,10632.2,130
24662686,732,12978.7,135
24662687,588,10970.1,110
24662688,512,14545.5,125
24662689,537,6172.4,100
24662690,766,14759.2,130
24662691,578,6659,105
24662692,406,5646.7,50
24662693,485,8056.5,80
24662694,512,9343.1,95
24662695,1014,12411.3,175
24662696,624,9426,130
24662697,803,10692.4,165
24662698,369,4913.4,65
24662699,486,9959,120
24662703,643,9386.9,110
24662704,727,18785.5,165
24662705,542,42343.8,155
24662706,636,15251.8,160
24662707,492,1731.2,35
24662708,637,13107,155
24662709,473,7616.7,75
24662710,624,8199.7,70
24662711,549,7214.2,85
24662712,649,7934,120
24662713,631,8048.5,115
24662714,603,4561.3,125
24662715,520,5658.3,70
24662716,485,9273.4,80
24662717,1237,7589,165
24662718,620,24031,215
24662719,960,17943.9,225
24662720,629,7755.9,125
24662721,735,8996.3,185
24662722,672,9068.8,90
24662723,623,10891.6,190
24662724,481,8890.9,80
24662725,620,2046.2,125
24662726,454,8764.5,80
24662727,751,6095.8,120
24662728,618,11035.7,155
24662729,566,10235.1,105
24662730,537,1940,85
24662731,303,605.3,30
24662732,325,6646.2,15
24662733,821,9382.9,90
24662734,596,3316.6,90
24662735,340,9604.5,50
24662736,700,14141.4,110
24662737,493,9860,60
24662738,667,8204.2,110
24662739,624,7572.8,105
24662740,743,11240.5,160
24662741,498,10802.6,80
24662742,559,10812.4,80
24662743,535,17426.7,150
24662744,781,10728,110
24662745,770,14128.4,100
24662746,604,7803.6,150
24662747,923,22790.1,375
24662748,442,12277.8,60
24662749,766,10379.4,135
24662750,494,11961.3,65
24662751,468,13526,45
24662752,414,13018.9,60
24662753,494,3859.4,60
24662754,456,13818.2,50
24662755,510,12348.7,45
24662756,545,18600.7,75
24662757,579,16038.8,90
24662758,426,13697.7,55
24662759,550,10242.1,45
24662760,1049,17901,315
24662761,554,24732.1,85
24662762,593,2224.3,110
24662763,560,2877.7,110
24662764,600,13698.6,115
24662765,687,3180.6,105
24662766,468,21869.2,105
24662767,564,22204.7,185
24662768,592,25627.7,205
24662769,640,28193.8,190
24662770,590,24583.3,235
24662771,484,22511.6,165
24662772,607,17905.6,130
24662773,831,26893.2,330
24662774,761,24627.8,265
24662775,386,12655.7,95
24662776,413,20753.8,105
24662777,352,19340.7,130
24662778,577,17432,165
24662779,495,18065.7,100
24662780,455,10782,35
24662781,497,17942.2,170
24662782,651,4416.6,80
24662783,521,6713.9,65
24662784,648,6218.8,60
24662785,594,6239.5,85
24662786,552,3692.3,10
24662787,528,10538.9,90
24662788,485,7625.8,75
24662789,612,3963.7,25
24662790,554,4219.3,75
24662791,783,8446.6,105
24662792,435,6590.9,60
24662793,466,7753.7,70
24662794,608,4564.6,65
24662795,487,6125.8,75
24662796,571,6113.5,90
24662797,613,12878.2,155
24662798,985,8054,185
24662799,405,7729,50
24662800,564,6401.8,110
24662801,496,9841.3,95
24662802,473,8678.9,60
24662803,252,8904.6,45
24662804,586,8592.4,115
24662805,576,6200.2,110
24662806,512,14797.7,100
24662807,508,4635,40
24662808,444,6057.3,45
24662809,528,3987.9,80
24662810,517,3219.2,35
24662811,556,6932.7,105
24662812,384,5477.9,40
24662813,616,11200,190
24662814,842,21262.6,265
24662815,851,27101.9,240
24662816,633,20754.1,115
24662817,756,3339.2,175
24662819,1344,11497,115
24662821,1202,5302.2,205
24662822,644,3601.8,55
24662823,401,4104.4,35
24662824,429,6102.4,25
24662825,327,4725.4,35
24662826,617,8916.2,85
24662827,923,9323.2,125
24662828,367,4735.5,30
24662829,486,6816.3,55
24662830,541,4737.3,130
24662831,426,5385.6,15
24662832,447,5511.7,15
24662833,469,8228.1,40
24662834,650,15151.5,180
24662835,398,6388.4,15
24662836,464,6783.6,80
24662837,428,5961,60
24662838,386,2937.6,15
24662839,1435,1538.9,95
24662840,570,9076.4,130
24662841,737,4748.7,55
24662842,725,9797.3,110
24662843,512,3454.8,30
24662844,364,3321.2,40
24662845,420,5440.4,50
24662848,533,7943.4,30
24662849,922,147.4,80
24662850,517,1744.9,45
24662851,635,6070.7,60
24662852,469,7282.6,25
24662853,393,8415.4,55
24662854,640,8030.1,85
24662855,423,8326.8,30
24662856,280,5395,5
24662857,326,6037,65
24662858,766,6784.8,55
24662859,574,6949.2,35
24662860,1053,8069,175
24662861,654,5741.9,45
24662862,632,4325.8,30
24662863,494,13000,105
24662864,1177,7632.9,135
24662865,582,5034.6,35
24662866,465,4774.1,20
24662867,397,4783.1,10
24662868,523,3917.6,20
24662869,498,2868.7,50
24662870,778,2784.5,75
24662871,454,4739,40
24662872,414,2879,35
24662873,385,7938.1,55
24662874,583,5266.5,45
24662875,411,7769.4,40
24662876,247,8636.4,
24662877,395,4047.1,25
24662878,418,4952.6,25
24662879,300,5084.7,15
24662880,397,6465.8,30
24662881,448,2796.5,45
24662882,607,8525.3,70
24662883,485,6170.5,45
24662884,736,5051.5,165
24662885,548,2382.6,70
24662886,523,6863.5,60
24662887,490,10082.3,55
24662888,695,3775.1,95
24662889,607,6457.4,25
24662890,501,6374,55
24662891,542,7255.7,45
24662892,586,5705.9,15
24662893,567,4760.7,50
24662894,528,4102.6,50
24662895,640,5306.8,55
24662896,554,5837.7,25
24662897,1389,3805.5,45
24662898,467,4426.5,30
24662899,524,2187.9,40
24662900,534,4742.5,30
24662901,515,2840.6,30
24662902,627,2282.5,70
24662903,650,525,85
24662904,688,804.1,25
24662905,773,91.9,115
24662906,835,846.8,80
24662907,586,5199.6,60
24662908,477,17865.2,70
24662909,5132,8339.3,285
24662910,602,12016,125
24662911,611,1543.7,20
24662912,458,5871.8,60
24662913,347,5499.2,25
24662914,558,4573.8,45
24662915,459,6419.6,70
24662916,710,3144.4,80
24662917,492,3710.4,35
24662918,629,9169.1,95
24662919,445,3090.3,15
24662920,433,5378.9,55
24662921,597,146.5,20
24662922,589,6053.4,70
24662923,419,3656.2,10
24662924,411,9927.5,35
24662925,553,7617.1,110
24662926,545,11473.7,85
24662927,384,7868.9,50
24662928,501,4489.2,25
24662929,415,3666.1,50
24662930,471,4668,10
24662931,472,3619.6,35
24662932,563,6262.5,130
24662933,457,1619.4,5
24662934,508,2072.6,50
24662935,703,975.4,130
24662936,2215,404.6,80
24662937,611,2930.5,20
24662938,431,596.1,20
24662939,1888,4716.5,75
24662940,709,6695,40
24662941,476,8365.6,5
24662942,1469,577.8,35
24662943,1321,4981.1,30
24662944,482,4834.5,20
24662945,513,7339.1,15
24662946,961,5593.7,35
24662947,850,2890.2,105
24662948,1649,552.7,65
24662949,756,1637.1,10
24662951,632,1376.9,55
24662952,527,4063.2,25
24662953,406,1581.6,15
24662954,443,4109.5,10
24662955,438,6186.4,45
24662956,354,4849.3,25
24662957,459,4203.3,30
24662958,678,3674.8,105
24662961,730,7909,160
24662962,414,10324.2,40
24662963,456,13652.7,60
24662964,456,1031,105
24662965,650,14254.4,205
24662966,570,29381.4,215
24662967,665,2133.5,125
24662968,768,7710.8,200
24662969,732,657.4,120
24662970,532,10791.1,85
24662971,406,8923.1,50
24662972,493,3972.6,95
24662973,560,6973.8,50
24662974,590,10243.1,75
24662975,655,12669.2,130
24662976,558,2681.4,150
24662977,419,9544.4,70
24662978,383,9480.2,50
24662979,735,5961.1,110
24662980,704,12394.4,185
24662981,478,3908.4,125
24662982,411,18853.2,80
24662983,456,4172,20
24662984,671,663.2,25
24662985,428,764.4,
24662986,374,1315,10
24662987,718,972.4,40
24662988,708,1410.9,45
24662989,370,4596.3,30
24662992,476,8000,75
24662993,337,10465.8,100
24662994,950,5400.8,185
24662995,446,2136,40
24662996,427,2953,20
24662997,793,12831.7,185
24662998,840,6682.6,85
24662999,362,7140,50
24663000,392,3550.7,20
24663001,364,2921.3,15
24663002,696,1523,25
24663003,1186,2242.8,60
24663004,424,2716.2,25
24663005,451,2311.6,20
24663006,439,2815.9,15
24663007,400,2359.9,10
24663008,471,2272.1,30
24663009,662,4101.6,60
24663010,336,2564.9,45
24663011,649,5363.6,70
24663012,483,3428,70
24663013,572,4605.5,135
24663014,629,2232.1,35
24663015,743,6785.4,95
24663016,370,3936.2,50
24663017,981,5061.9,140
24663018,626,13319.1,180
24663019,518,9087.7,75
24663020,1980,3611.2,285
24663021,436,1730.8,30
24663022,394,2682.1,30
24663023,434,2281.8,40
24663024,374,3232.5,30
24663025,459,2545.8,20
24663026,689,7706.9,50
24663027,452,2899.3,15
24663028,699,4153.3,60
24663029,628,3006.2,30
24663030,1244,2719.7,50
24663031,430,3418.1,15
24663032,607,4019.9,30
24663033,1309,3148.9,75
24663034,1085,4738,130
24663035,619,2574.9,50
24663036,1932,4243.4,245
24663037,437,2783.4,35
24663038,536,3681.3,15
24663039,457,3697.4,5
24663040,482,2946.2,15
24663041,443,2714.5,35
24663042,335,3265.1,25
24663043,388,2939.4,5
24663044,447,3343.3,25
24663045,451,2353.9,65
24663046,652,2788.7,115
24663047,518,3025.7,95
24663048,1022,5477,80
24663049,988,4367.8,195
24663050,930,1946.8,275
24663051,780,4887.2,75
24663052,438,2427.9,25
24663053,1276,4853.6,255
24663054,646,1537.4,80
24663055,592,2833.9,20
24663056,540,3243.2,20
24663057,1598,661.7,45
24663058,1148,2994.3,30
24663059,511,2484.2,5
24663060,458,3073.8,10
24663061,508,3181,10
24663062,488,2676.9,20
24663063,428,2847.6,25
24663064,483,2864.8,60
24663065,455,6074.8,60
24663066,249,1754.8,
24663067,528,275.5,55
24663068,1237,140.8,65
24663069,928,480.5,70
24663070,460,3018.4,30
24663071,385,2986.8,25
24663072,471,3241.6,5
24663073,563,2421.5,10
24663074,1076,343.9,30
24663075,530,782.4,15
24663076,634,1086.5,40
24663077,1015,301.9,80
24663079,391,6627.1,65
24663080,650,5560.3,70
24663081,442,4652.6,15
24663082,505,4814.1,55
24663083,351,3122.8,25
24663084,512,3823.7,90
24663085,590,3933.3,45
24663086,653,5708,65
24663088,856,3508.2,40
24663089,185,3363.6,
24663090,664,2804.1,25
24663091,520,2704.1,40
24663092,427,3158.3,20
24663094,541,3643.1,35
24663095,1155,2654.6,105
24663096,837,1855.9,25
24663097,602,2796.1,25
24663098,258,2838.3,25
24663099,1115,748.5,55
24663100,528,3492.1,35
24663101,423,2869.7,25
24663102,535,2108,20
24663103,528,1405,40
24663104,435,2190.3,25
24663105,620,2226.2,25
24663106,572,1223.3,65
24663107,653,1398.6,40
24663108,510,1952.5,25
24663109,552,1805.1,45
24663110,683,1466.6,15
24663111,617,201.7,25
24663112,399,1224.3,20
24663113,513,1082.1,30
24663114,631,1137.8,45
24663115,501,686.5,45
24663116,609,1274.9,35
24663117,494,1200.2,25
24663118,1095,118.3,65
24663119,365,1735.6,
24663120,531,3950.9,85
24663121,537,3678.1,130
24663122,726,4342.1,170
24663123,738,3144.4,95
24663124,478,449.1,30
24663125,473,74.1,35
24663126,588,3627.4,10
24663127,447,3020.3,5
24663128,459,1302.5,70
24663129,739,1151.8,50
24663130,456,2325.3,35
24663131,592,3198.3,115
24663132,575,1682.8,35
24663133,408,2117.3,10
24663134,705,1340,35
24663135,580,2035.1,45
24663136,286,1349.1,15
24663137,552,2519.4,15
24663138,1221,8357.3,170
24663139,907,8193.3,60
24663140,871,2357.9,30
24663141,873,4081.3,90
24663142,774,25294.1,375
24663143,472,4055,165
24663144,898,4664.9,155
24663145,639,8192.3,100
24663146,551,7055.1,100
24663147,580,9062.5,100
24663149,298,5764,50
24663150,508,5682.3,90
24663151,1191,231,75
24663152,589,578.4,25
24663153,267,1493.3,20
24663154,529,2692.1,20
24663155,446,3760.5,25
24663156,680,4141.3,45
24663157,510,3917.1,30
24663158,425,2171.7,15
24663159,478,2884.7,45
24663160,530,1429.3,30
24663161,386,3722.3,25
24663162,435,3441.5,20
24663164,1119,3498,140
24663166,3084,2742.1,175
24663167,543,2902.2,15
24663168,352,3468,10
24663169,622,6263.8,155
24663170,480,2107.1,20
24663171,593,16657.3,90
24663172,741,1263,60
24663173,516,2591.7,35
24663174,836,1600.9,90
24663175,498,2188,30
24663176,458,1958.1,30
24663177,402,3586.1,20
24663178,378,1038.7,40
24663179,373,3025.1,15
24663180,499,2282.7,60
24663181,435,2955.2,25
24663182,1015,1143.8,260
24663183,516,5325.1,65
24663184,396,2748.1,55
24663185,644,4721.4,35
24663186,452,4565.7,25
24663187,369,2679.7,35
24663188,436,4308.3,25
24663189,444,15857.1,70
24663190,672,11218.7,85
24663191,528,17718.1,145
24663194,539,5483.2,120
24663195,342,20357.1,25
24663196,409,6512.7,55
24663197,460,9274.2,50
24663198,519,10058.1,85
24663199,481,7990,110
24663200,393,12436.7,60
24663201,400,5822.4,50
24663202,809,12780.4,130
24663203,759,36142.9,125
24663204,368,8578.1,40
24663205,536,18482.8,125
24663206,589,24852.3,140
24663207,901,23773.1,165
24663208,655,11844.5,60
24663209,608,9838.2,45
24663210,516,11492.2,55
24663211,366,10733.1,15
24663212,1018,20118.6,245
24663213,378,8437.5,30
24663214,501,10867.7,110
24663215,802,11424.5,160
24663216,782,1389.7,165
24663217,504,5867.3,45
24663218,668,4697.6,45
24663219,596,9983.2,45
24663220,588,3331.4,50
24663221,428,11059.4,55
24663222,319,10063.1,35
24663223,637,11059,50
24663227,593,3242.2,100
24663228,621,10933.1,120
24663229,433,2837.5,75
24663230,483,8765.9,75
24663231,646,10748.8,110
24663232,568,8328.4,100
24663233,482,8155.7,45
24663234,575,10000,100
24663235,1461,9258.6,230
24663236,502,1921.9,65
24663237,417,11846.6,55
24663238,446,11584.4,55
24663239,716,10391.9,110
24663241,1100,9945.8,360
24663242,1674,122189.8,670
24663243,1022,69054.1,480
24663244,1028,13526.3,155
24663245,991,31967.7,245
24663246,1594,37330.2,415
24663249,722,46580.6,215
24663250,1072,12508.8,375
24663251,854,11192.7,215
24663253,1511,12826.8,520
24663254,1526,6905,100
24663255,1505,11427.5,235
24663256,994,2702.6,90
24663257,968,2990.4,170
24663258,1027,19561.9,125
24663259,1115,19224.1,145
24663260,1783,5993.3,80
24663261,1137,10179.1,240
24663262,1496,21011.2,230
24663264,1225,22072.1,210
24663266,836,11643.5,135
24663269,888,1012.7,85
24663270,1121,7636.2,270
24663271,638,1720.6,
24663273,973,21106.3,275
24663274,685,30043.9,165
24663275,1083,4379.3,325
24663276,1104,13190,275
24663277,2061,12937.9,310
24663279,2054,28137,415
24663280,1052,5742.4,190
24663281,1079,9531.8,275
24663282,514,378.2,
24663283,651,14498.9,115
24663285,791,4762.2,80
24663286,652,13697.5,85
24663287,592,9221.2,55
24663288,749,4934.1,60
24663289,674,8764.6,125
24663290,877,6525.3,170
24663291,571,15949.7,90
24663292,843,425,115
24663293,1393,3006.7,85
24663294,471,3705.7,15
24663295,903,3351.9,85
24663296,643,10174.1,95
24663297,673,2872.4,60
24663298,1041,11217.7,115
24663299,500,17605.6,120
24663300,772,4099.8,150
24663301,241,4213.3,
24663302,1201,2609.7,155
24663304,364,4354.1,50
24663305,729,10673.5,110
24663315,658,6707.4,60
24663316,597,16178.9,175
24663317,449,6034.9,45
24663318,466,12263.2,90
24663319,536,5286,95
24663320,589,8402.3,95
24663321,545,4801.8,45
24663322,921,5922.8,180
24663323,383,13581.6,35
24663324,390,13265.3,160
24663325,526,17189.5,75
24663326,444,10398.1,55
24663327,625,19349.8,140
24663328,800,14814.8,115
24663329,0,0,
24663330,1465,4504.9,425
24663331,623,12168,240
24663332,623,15892.9,105
24663333,741,8779.6,165
24663334,0,0,
24663335,0,0,
24663336,897,2752.4,160
24663337,488,18209,135
24663340,0,0,
24663341,425,13449.4,80
24663342,462,8105.3,135
24663343,539,16284,95
24663344,450,13595.2,180
24663345,815,45277.8,80
24663346,620,14519.9,200
24663347,535,11383,235
24663348,477,36692.3,160
24663349,589,45307.7,220
24663350,424,14228.2,95
24663351,489,384.3,95
24663352,675,18145.2,230
24663353,658,37600,195
24663355,2017,105052.1,515
24663356,2554,48740.5,575
24663357,1006,25468.4,210
24663358,1012,3846.4,435
24663359,728,26281.6,295
24663360,1305,53703.7,460
24663361,557,12746,90
24663362,943,401.9,140
24663363,1298,4424,275
24663364,714,3946.9,80
24663365,884,4814.8,150
24663366,690,28750,255
24663367,668,37954.5,315
24663368,1534,40262.5,570
24663369,737,11234.8,250
24663370,21,15.9,
24663371,711,48040.5,155
24663372,388,39591.8,100
24663374,850,11184.2,135
24663375,1387,11167.5,225
24663376,542,3782.3,130
24663377,528,9395,120
24663378,530,4351.4,45
24663379,666,14322.6,125
24663380,543,5507.1,55
24663381,10,5.3,
24663382,0,0,
24663383,643,704.7,100
24663384,683,5217.7,90
24663385,484,10453.6,90
24663386,712,8967.3,95
24663387,558,9192.8,110
24663388,544,9283.3,75
24663389,532,8956.2,135
24663390,918,1054.8,150
24663391,512,9175.6,110
24663392,516,7030,100
24663393,381,8523.5,90
24663394,330,2260.3,
24663395,685,3829,100
24663396,30,154.7,
24663397,925,15139.1,175
24663398,658,10578.8,20
24663399,596,9900.3,15
24663400,530,12268.5,
24663401,1937,4501.5,50
24663402,742,9788.9,35
24663403,588,5897.7,45
24663404,586,6704.8,65
24663405,563,6561.8,20
24663407,319,1669.3,20
24663408,276,6882.8,30
24663409,930,5098.7,55
24663410,422,5885.6,40
24663411,395,4206.6,25
24663412,659,9835.8,70
24663413,1433,9180,245
24663414,5845,5475.4,415
24663415,786,8497.3,35
24663416,1581,2593.5,150
24663417,937,14197,45
24663418,638,10407.8,65
24663419,467,29.3,70
24663420,1723,4770.2,115
24663421,1183,4747.2,85
24663422,2391,5121,235
24663423,1089,114.5,95
24663424,874,4434.3,85
24663425,1070,11286.9,125
24663426,441,18927,90
24663428,662,4970,35
24663429,919,1899.2,55
24663430,681,850.9,45
24663431,533,5712.8,35
24663432,581,5597.3,15
24663434,643,7216.6,200
24663436,650,10400,185
24663437,1672,17674.4,665
24663438,1534,10957.1,525
24663439,559,448.8,50
24663441,0,0,
24663444,1085,32005.9,145
24663445,4206,16201.8,585
24663450,457,13170,90
24663451,424,6645.8,75
24663452,2390,8884.8,685
24663453,642,8782.5,105
24663454,1167,8840.9,165
24663455,2704,17366.7,705
24663456,5,3,
24663457,1506,8261.1,195
24663458,1265,3181.6,105
24663459,2031,6687.5,850
24663460,2648,5043.8,705
24663461,1152,5028.4,250
24663462,736,1580.4,80
24663463,1302,12055.6,230
24663464,1697,14418,210
24663465,984,18886.8,125
24663466,1086,8511,120
24663467,2211,42519.2,405
24663468,1102,31396,220
24663469,839,18939.1,165
24663470,1373,45164.5,510
24663471,899,36104.4,265
24663472,1105,4204.7,35
24663473,1087,10636,125
24663474,3133,31205.2,955
24663475,2201,14922,240
24663476,1033,5726.2,180
24663477,1170,4236.1,130
24663478,1429,3243.3,65
24663479,773,3097,215
24663480,897,11529.6,180
24663481,1670,57785.5,480
24663482,1053,33967.7,285
24663483,465,30592.1,155
24663484,1626,378,90
24663485,2412,2705.6,175
24663486,2281,14436.7,355
24663488,1362,12599.4,120
24663489,1451,14671.4,225
24663490,2081,26077.7,250
24663491,1014,14342.3,105
24663492,1001,17875,100
24663493,485,10210.5,70
24663494,0,0,
24663495,892,22134,225
24663496,869,49375,125
24663497,1474,3093.4,275